Workbook

Sheet PAINEL
A1: AXOZEE · PAINEL DE CORTE
A2: Tudo nesta aba é calculado. Para mudar números, use o PLANO DE CORTE e MALHAS.
A4: PEÇAS PLANEJADAS | D4: PEÇAS CORTADAS | G4: FALTA CORTAR | J4: CONCLUSÃO
A5: ='PLANO DE CORTE'!F23 -> 140 | D5: ='PLANO DE CORTE'!G23 -> 0 | G5: ='PLANO DE CORTE'!H23 -> 140 | J5: =IFERROR('PLANO DE CORTE'!G23/'PLANO DE CORTE'!F23,0) -> 0
A7: KG PREVISTOS NO PLANO | D7: KG REAIS CONSUMIDOS | G7: RENDIMENTO REAL (pç/kg) | J7: GOLAS A CORTAR
A8: =MALHAS!H7 -> 29.777778 | D8: =MALHAS!J7 -> 0 | G8: =IFERROR(MALHAS!I7/MALHAS!J7,0) -> 0 | J8: =MODELAGENS!G5+MODELAGENS!G6 -> 60
A11: POR MALHA | H11: POR MODELAGEM
A12: Malha | B12: Planejado | C12: Cortado | D12: Falta | E12: % cortado | F12: Kg previstos | H12: Modelagem | I12: Planejado | J12: Cortado | K12: % cortado | L12: Golas
A13: =MALHAS!B5&" "&MALHAS!C5 -> Algodão Pima Preta | B13: =MALHAS!G5 -> 60 | C13: =MALHAS!I5 -> 0 | D13: =MAX(0,B13-C13) -> 60 | E13: =IFERROR(C13/B13,0) -> 0 | F13: =MALHAS!H5 -> 12 | H13: =MODELAGENS!A5 -> Axozee Slim | I13: =MODELAGENS!E5 -> 60 | J13: =MODELAGENS!F5 -> 0 | K13: =IFERROR(J13/I13,0) -> 0 | L13: =MODELAGENS!G5 -> 60
A14: =MALHAS!B6&" "&MALHAS!C6 -> Peruana Off White | B14: =MALHAS!G6 -> 80 | C14: =MALHAS!I6 -> 0 | D14: =MAX(0,B14-C14) -> 80 | E14: =IFERROR(C14/B14,0) -> 0 | F14: =MALHAS!H6 -> 17.777778 | H14: =MODELAGENS!A6 -> Axozee Over | I14: =MODELAGENS!E6 -> 80 | J14: =MODELAGENS!F6 -> 0 | K14: =IFERROR(J14/I14,0) -> 0 | L14: =MODELAGENS!G6 -> 0
A17: POR TAMANHO | H17: RENDIMENTO DA MALHA
A18: Tamanho | B18: Planejado | C18: Cortado | D18: Falta | E18: % cortado | F18: Status | H18: Malha | I18: Previsto | J18: Real | K18: Desvio | L18: Saldo kg
A19: P | B19: =SUMIFS('PLANO DE CORTE'!$F$7:$F$22,'PLANO DE CORTE'!$D$7:$D$22,$A19) -> 15 | C19: =SUMIFS('PLANO DE CORTE'!$G$7:$G$22,'PLANO DE CORTE'!$D$7:$D$22,$A19) -> 0 | D19: =MAX(0,B19-C19) -> 15 | E19: =IFERROR(C19/B19,0) -> 0 | F19: =IF(B19=0,"SEM PLANO",IF(C19=0,"PENDENTE",IF(C19<B19,"EM CORTE","CORTADO"))) -> PENDENTE | H19: =MALHAS!B5 -> Algodão Pima | I19: =MALHAS!E5 -> 5 | J19: =MALHAS!K5 -> 0 | K19: =IF(MALHAS!J5=0,"—",MALHAS!L5) -> — | L19: =MALHAS!M5 -> 0
A20: M | B20: =SUMIFS('PLANO DE CORTE'!$F$7:$F$22,'PLANO DE CORTE'!$D$7:$D$22,$A20) -> 30 | C20: =SUMIFS('PLANO DE CORTE'!$G$7:$G$22,'PLANO DE CORTE'!$D$7:$D$22,$A20) -> 0 | D20: =MAX(0,B20-C20) -> 30 | E20: =IFERROR(C20/B20,0) -> 0 | F20: =IF(B20=0,"SEM PLANO",IF(C20=0,"PENDENTE",IF(C20<B20,"EM CORTE","CORTADO"))) -> PENDENTE | H20: =MALHAS!B6 -> Peruana | I20: =MALHAS!E6 -> 4.5 | J20: =MALHAS!K6 -> 0 | K20: =IF(MALHAS!J6=0,"—",MALHAS!L6) -> — | L20: =MALHAS!M6 -> 0.22222222
A21: G | B21: =SUMIFS('PLANO DE CORTE'!$F$7:$F$22,'PLANO DE CORTE'!$D$7:$D$22,$A21) -> 55 | C21: =SUMIFS('PLANO DE CORTE'!$G$7:$G$22,'PLANO DE CORTE'!$D$7:$D$22,$A21) -> 0 | D21: =MAX(0,B21-C21) -> 55 | E21: =IFERROR(C21/B21,0) -> 0 | F21: =IF(B21=0,"SEM PLANO",IF(C21=0,"PENDENTE",IF(C21<B21,"EM CORTE","CORTADO"))) -> PENDENTE | H21: Rendimento real só aparece depois que você lançar os quilos realmente consumidos na aba MALHAS.
A22: GG | B22: =SUMIFS('PLANO DE CORTE'!$F$7:$F$22,'PLANO DE CORTE'!$D$7:$D$22,$A22) -> 40 | C22: =SUMIFS('PLANO DE CORTE'!$G$7:$G$22,'PLANO DE CORTE'!$D$7:$D$22,$A22) -> 0 | D22: =MAX(0,B22-C22) -> 40 | E22: =IFERROR(C22/B22,0) -> 0 | F22: =IF(B22=0,"SEM PLANO",IF(C22=0,"PENDENTE",IF(C22<B22,"EM CORTE","CORTADO"))) -> PENDENTE
N43: tabela auxiliar do gráfico — não apagar
N44: Status | O44: Grades
N45: CORTADO | O45: =COUNTIF('PLANO DE CORTE'!$J$7:$J$22,"CORTADO") -> 0
N46: EM CORTE | O46: =COUNTIF('PLANO DE CORTE'!$J$7:$J$22,"EM CORTE") -> 0
N47: PENDENTE | O47: =COUNTIF('PLANO DE CORTE'!$J$7:$J$22,"PENDENTE") -> 11
N48: EXCEDENTE | O48: =COUNTIF('PLANO DE CORTE'!$J$7:$J$22,"EXCEDENTE") -> 0

Sheet PLANO DE CORTE
A1: PLANO DE CORTE · CÁPSULA 01
A2: Preencha apenas as colunas amarelas. Status, saldo, gola e consumo de malha se atualizam sozinhos. | L2: ATUALIZADO EM | N2: =TODAY() -> 46308
A3: PLANEJADO | C3: =SUM(F7:F22) -> 140 | D3: CORTADO | F3: =SUM(G7:G22) -> 0 | G3: FALTA | I3: =C3-F3 -> 140 | J3: CONCLUSÃO | L3: =IFERROR(SUM(G7:G22)/SUM(F7:F22),0) -> 0 | M3: GOLAS | N3: =MODELAGENS!G5+MODELAGENS!G6 -> 60
A6: Item | B6: Malha | C6: Modelagem | D6: Tamanho | E6: Gola no corte | F6: Qtd planejada | G6: Qtd cortada | H6: Falta | I6: % cortado | J6: Status | K6: Kg previstos | L6: Data do corte | M6: Responsável | N6: Observações
A7: CP-01 | B7: M1 | C7: Axozee Slim | D7: P | E7: =IFERROR(INDEX(MODELAGENS!$C$5:$C$6,MATCH($C7,MODELAGENS!$A$5:$A$6,0)),"") -> Gola da própria malha | F7: 5 | G7: 0 | H7: =MAX(0,F7-G7) -> 5 | I7: =IFERROR(G7/F7,0) -> 0 | J7: =IF(F7=0,"SEM PLANO",IF(G7=0,"PENDENTE",IF(G7<F7,"EM CORTE",IF(G7=F7,"CORTADO","EXCEDENTE")))) -> PENDENTE | K7: =IFERROR(F7/INDEX(MALHAS!$E$5:$E$6,MATCH($B7,MALHAS!$A$5:$A$6,0)),0) -> 1
A8: CP-02 | B8: M1 | C8: Axozee Slim | D8: M | E8: =IFERROR(INDEX(MODELAGENS!$C$5:$C$6,MATCH($C8,MODELAGENS!$A$5:$A$6,0)),"") -> Gola da própria malha | F8: 10 | G8: 0 | H8: =MAX(0,F8-G8) -> 10 | I8: =IFERROR(G8/F8,0) -> 0 | J8: =IF(F8=0,"SEM PLANO",IF(G8=0,"PENDENTE",IF(G8<F8,"EM CORTE",IF(G8=F8,"CORTADO","EXCEDENTE")))) -> PENDENTE | K8: =IFERROR(F8/INDEX(MALHAS!$E$5:$E$6,MATCH($B8,MALHAS!$A$5:$A$6,0)),0) -> 2
A9: CP-03 | B9: M1 | C9: Axozee Slim | D9: G | E9: =IFERROR(INDEX(MODELAGENS!$C$5:$C$6,MATCH($C9,MODELAGENS!$A$5:$A$6,0)),"") -> Gola da própria malha | F9: 20 | G9: 0 | H9: =MAX(0,F9-G9) -> 20 | I9: =IFERROR(G9/F9,0) -> 0 | J9: =IF(F9=0,"SEM PLANO",IF(G9=0,"PENDENTE",IF(G9<F9,"EM CORTE",IF(G9=F9,"CORTADO","EXCEDENTE")))) -> PENDENTE | K9: =IFERROR(F9/INDEX(MALHAS!$E$5:$E$6,MATCH($B9,MALHAS!$A$5:$A$6,0)),0) -> 4
A10: CP-04 | B10: M1 | C10: Axozee Slim | D10: GG | E10: =IFERROR(INDEX(MODELAGENS!$C$5:$C$6,MATCH($C10,MODELAGENS!$A$5:$A$6,0)),"") -> Gola da própria malha | F10: 15 | G10: 0 | H10: =MAX(0,F10-G10) -> 15 | I10: =IFERROR(G10/F10,0) -> 0 | J10: =IF(F10=0,"SEM PLANO",IF(G10=0,"PENDENTE",IF(G10<F10,"EM CORTE",IF(G10=F10,"CORTADO","EXCEDENTE")))) -> PENDENTE | K10: =IFERROR(F10/INDEX(MALHAS!$E$5:$E$6,MATCH($B10,MALHAS!$A$5:$A$6,0)),0) -> 3
A11: CP-05 | B11: M1 | C11: Axozee Over | D11: P | E11: =IFERROR(INDEX(MODELAGENS!$C$5:$C$6,MATCH($C11,MODELAGENS!$A$5:$A$6,0)),"") -> Ribana canelada | F11: 0 | G11: 0 | H11: =MAX(0,F11-G11) -> 0 | I11: =IFERROR(G11/F11,0) -> 0 | J11: =IF(F11=0,"SEM PLANO",IF(G11=0,"PENDENTE",IF(G11<F11,"EM CORTE",IF(G11=F11,"CORTADO","EXCEDENTE")))) -> SEM PLANO | K11: =IFERROR(F11/INDEX(MALHAS!$E$5:$E$6,MATCH($B11,MALHAS!$A$5:$A$6,0)),0) -> 0
A12: CP-06 | B12: M1 | C12: Axozee Over | D12: M | E12: =IFERROR(INDEX(MODELAGENS!$C$5:$C$6,MATCH($C12,MODELAGENS!$A$5:$A$6,0)),"") -> Ribana canelada | F12: 0 | G12: 0 | H12: =MAX(0,F12-G12) -> 0 | I12: =IFERROR(G12/F12,0) -> 0 | J12: =IF(F12=0,"SEM PLANO",IF(G12=0,"PENDENTE",IF(G12<F12,"EM CORTE",IF(G12=F12,"CORTADO","EXCEDENTE")))) -> SEM PLANO | K12: =IFERROR(F12/INDEX(MALHAS!$E$5:$E$6,MATCH($B12,MALHAS!$A$5:$A$6,0)),0) -> 0
A13: CP-07 | B13: M1 | C13: Axozee Over | D13: G | E13: =IFERROR(INDEX(MODELAGENS!$C$5:$C$6,MATCH($C13,MODELAGENS!$A$5:$A$6,0)),"") -> Ribana canelada | F13: 10 | G13: 0 | H13: =MAX(0,F13-G13) -> 10 | I13: =IFERROR(G13/F13,0) -> 0 | J13: =IF(F13=0,"SEM PLANO",IF(G13=0,"PENDENTE",IF(G13<F13,"EM CORTE",IF(G13=F13,"CORTADO","EXCEDENTE")))) -> PENDENTE | K13: =IFERROR(F13/INDEX(MALHAS!$E$5:$E$6,MATCH($B13,MALHAS!$A$5:$A$6,0)),0) -> 2
A14: CP-08 | B14: M1 | C14: Axozee Over | D14: GG | E14: =IFERROR(INDEX(MODELAGENS!$C$5:$C$6,MATCH($C14,MODELAGENS!$A$5:$A$6,0)),"") -> Ribana canelada | F14: 0 | G14: 0 | H14: =MAX(0,F14-G14) -> 0 | I14: =IFERROR(G14/F14,0) -> 0 | J14: =IF(F14=0,"SEM PLANO",IF(G14=0,"PENDENTE",IF(G14<F14,"EM CORTE",IF(G14=F14,"CORTADO","EXCEDENTE")))) -> SEM PLANO | K14: =IFERROR(F14/INDEX(MALHAS!$E$5:$E$6,MATCH($B14,MALHAS!$A$5:$A$6,0)),0) -> 0
A15: CP-09 | B15: M2 | C15: Axozee Slim | D15: P | E15: =IFERROR(INDEX(MODELAGENS!$C$5:$C$6,MATCH($C15,MODELAGENS!$A$5:$A$6,0)),"") -> Gola da própria malha | F15: 0 | G15: 0 | H15: =MAX(0,F15-G15) -> 0 | I15: =IFERROR(G15/F15,0) -> 0 | J15: =IF(F15=0,"SEM PLANO",IF(G15=0,"PENDENTE",IF(G15<F15,"EM CORTE",IF(G15=F15,"CORTADO","EXCEDENTE")))) -> SEM PLANO | K15: =IFERROR(F15/INDEX(MALHAS!$E$5:$E$6,MATCH($B15,MALHAS!$A$5:$A$6,0)),0) -> 0
A16: CP-10 | B16: M2 | C16: Axozee Slim | D16: M | E16: =IFERROR(INDEX(MODELAGENS!$C$5:$C$6,MATCH($C16,MODELAGENS!$A$5:$A$6,0)),"") -> Gola da própria malha | F16: 0 | G16: 0 | H16: =MAX(0,F16-G16) -> 0 | I16: =IFERROR(G16/F16,0) -> 0 | J16: =IF(F16=0,"SEM PLANO",IF(G16=0,"PENDENTE",IF(G16<F16,"EM CORTE",IF(G16=F16,"CORTADO","EXCEDENTE")))) -> SEM PLANO | K16: =IFERROR(F16/INDEX(MALHAS!$E$5:$E$6,MATCH($B16,MALHAS!$A$5:$A$6,0)),0) -> 0
A17: CP-11 | B17: M2 | C17: Axozee Slim | D17: G | E17: =IFERROR(INDEX(MODELAGENS!$C$5:$C$6,MATCH($C17,MODELAGENS!$A$5:$A$6,0)),"") -> Gola da própria malha | F17: 5 | G17: 0 | H17: =MAX(0,F17-G17) -> 5 | I17: =IFERROR(G17/F17,0) -> 0 | J17: =IF(F17=0,"SEM PLANO",IF(G17=0,"PENDENTE",IF(G17<F17,"EM CORTE",IF(G17=F17,"CORTADO","EXCEDENTE")))) -> PENDENTE | K17: =IFERROR(F17/INDEX(MALHAS!$E$5:$E$6,MATCH($B17,MALHAS!$A$5:$A$6,0)),0) -> 1.1111111
A18: CP-12 | B18: M2 | C18: Axozee Slim | D18: GG | E18: =IFERROR(INDEX(MODELAGENS!$C$5:$C$6,MATCH($C18,MODELAGENS!$A$5:$A$6,0)),"") -> Gola da própria malha | F18: 5 | G18: 0 | H18: =MAX(0,F18-G18) -> 5 | I18: =IFERROR(G18/F18,0) -> 0 | J18: =IF(F18=0,"SEM PLANO",IF(G18=0,"PENDENTE",IF(G18<F18,"EM CORTE",IF(G18=F18,"CORTADO","EXCEDENTE")))) -> PENDENTE | K18: =IFERROR(F18/INDEX(MALHAS!$E$5:$E$6,MATCH($B18,MALHAS!$A$5:$A$6,0)),0) -> 1.1111111
... A22: CP-16 | B22: M2 | C22: Axozee Over | D22: GG | E22: =IFERROR(INDEX(MODELAGENS!$C$5:$C$6,MATCH($C22,MODELAGENS!$A$5:$A$6,0)),"") -> Ribana canelada | F22: 20 | G22: 0 | H22: =MAX(0,F22-G22) -> 20 | I22: =IFERROR(G22/F22,0) -> 0 | J22: =IF(F22=0,"SEM PLANO",IF(G22=0,"PENDENTE",IF(G22<F22,"EM CORTE",IF(G22=F22,"CORTADO","EXCEDENTE")))) -> PENDENTE | K22: =IFERROR(F22/INDEX(MALHAS!$E$5:$E$6,MATCH($B22,MALHAS!$A$5:$A$6,0)),0) -> 4.4444444
A23: TOTAL | F23: =SUM(F7:F22) -> 140 | G23: =SUM(G7:G22) -> 0 | H23: =SUM(H7:H22) -> 140 | I23: =IFERROR(G23/F23,0) -> 0 | K23: =SUM(K7:K22) -> 29.777778 | L23: =COUNTIF(J7:J22,"CORTADO")&" de "&COUNTIF(J7:J22,"<>SEM PLANO")&" grades ok" -> 0 de 11 grades ok

Sheet MALHAS
A1: MALHAS · ESTOQUE E RENDIMENTO
A2: Linhas em amarelo são preenchidas por você. O resto é calculado.
A4: Código | B4: Malha | C4: Cor | D4: Kg disponível | E4: Rendimento previsto (pç/kg) | F4: Capacidade prevista (pç) | G4: Peças planejadas | H4: Kg previsto p/ o plano | I4: Peças cortadas | J4: Kg real consumido | K4: Rendimento real (pç/kg) | L4: Desvio vs previsto | M4: Saldo de malha (kg)
A5: M1 | B5: Algodão Pima | C5: Preta | D5: 12 | E5: 5 | F5: =D5*E5 -> 60 | G5: =SUMIFS('PLANO DE CORTE'!$F$7:$F$22,'PLANO DE CORTE'!$B$7:$B$22,$A5) -> 60 | H5: =IFERROR(G5/E5,0) -> 12 | I5: =SUMIFS('PLANO DE CORTE'!$G$7:$G$22,'PLANO DE CORTE'!$B$7:$B$22,$A5) -> 0 | K5: =IFERROR(I5/J5,0) -> 0 | L5: =IF(J5=0,"—",IFERROR(K5/E5-1,0)) -> — | M5: =D5-IF(J5=0,H5,J5) -> 0
A6: M2 | B6: Peruana | C6: Off White | D6: 18 | E6: 4.5 | F6: =D6*E6 -> 81 | G6: =SUMIFS('PLANO DE CORTE'!$F$7:$F$22,'PLANO DE CORTE'!$B$7:$B$22,$A6) -> 80 | H6: =IFERROR(G6/E6,0) -> 17.777778 | I6: =SUMIFS('PLANO DE CORTE'!$G$7:$G$22,'PLANO DE CORTE'!$B$7:$B$22,$A6) -> 0 | K6: =IFERROR(I6/J6,0) -> 0 | L6: =IF(J6=0,"—",IFERROR(K6/E6-1,0)) -> — | M6: =D6-IF(J6=0,H6,J6) -> 0.22222222
A7: TOTAL | D7: =SUM(D5:D6) -> 30 | F7: =SUM(F5:F6) -> 141 | G7: =SUM(G5:G6) -> 140 | H7: =SUM(H5:H6) -> 29.777778 | I7: =SUM(I5:I6) -> 0 | J7: =SUM(J5:J6) -> 0 | K7: =IFERROR(I7/J7,0) -> 0 | M7: =SUM(M5:M6) -> 0.22222222
A9: Preencha 'Kg real consumido' depois do corte — é ele que revela o rendimento real e o desvio contra o previsto. Kg disponível e rendimento previsto vieram de você (12 kg a 5 pç/kg; 18 kg a 4,5 pç/kg).

Sheet MODELAGENS
A1: MODELAGENS · REGRAS DE CORTE
A2: Estas regras alimentam automaticamente a coluna 'Gola' do plano de corte.
A4: Modelagem | B4: Corta gola? | C4: Tipo de gola | D4: Instrução para o corte | E4: Peças planejadas | F4: Peças cortadas | G4: Golas a cortar
A5: Axozee Slim | B5: SIM | C5: Gola da própria malha | D5: Cortar a gola na própria malha. O risco da gola já está na modelagem — usar o molde como está. | E5: =SUMIFS('PLANO DE CORTE'!$F$7:$F$22,'PLANO DE CORTE'!$C$7:$C$22,$A5) -> 60 | F5: =SUMIFS('PLANO DE CORTE'!$G$7:$G$22,'PLANO DE CORTE'!$C$7:$C$22,$A5) -> 0 | G5: =IF($B5="SIM",E5,0) -> 60
A6: Axozee Over | B6: NÃO | C6: Ribana canelada | D6: Não cortar gola. A ribana canelada é aplicada na costura — conferir ribana separada antes de fechar o pacote. | E6: =SUMIFS('PLANO DE CORTE'!$F$7:$F$22,'PLANO DE CORTE'!$C$7:$C$22,$A6) -> 80 | F6: =SUMIFS('PLANO DE CORTE'!$G$7:$G$22,'PLANO DE CORTE'!$C$7:$C$22,$A6) -> 0 | G6: =IF($B6="SIM",E6,0) -> 0
A8: Regra de ouro do pacote: toda peça Slim leva gola cortada junto; nenhuma peça Over leva — a ribana vai para a costura.

Sheet COMO USAR
A1: COMO USAR ESTA PLANILHA
A2: Leia uma vez. Depois é só preencher o amarelo.
B4: O fluxo do dia
B5: 1. Mande esta planilha para o corte | C5: O corte trabalha na aba PLANO DE CORTE. Cada linha é uma grade: malha + modelagem + tamanho.
B6: 2. O corte preenche só três colunas | C6: Qtd cortada, Data do corte e Responsável. O status muda sozinho conforme a quantidade.
B7: 3. Depois do corte, lance os quilos reais | C7: Na aba MALHAS, coluna 'Kg real consumido'. É o que revela o rendimento real contra os 5 e 4,5 pç/kg previstos.
B8: 4. Acompanhe no PAINEL | C8: Tudo lá é automático: peças, percentuais, rendimento, gráficos.
B9: Cores das células
B10: Amarelo = você preenche | C10: São as únicas células que precisam de digitação.
B11: Branco = fórmula | C11: Calculado sozinho. Se sobrescrever, a automação daquela linha se perde.
B12: Verde-oliva = cabeçalho | C12: Nome das colunas.
B13: Os status
B14: PENDENTE | C14: Tem plano, nada cortado ainda.
B15: EM CORTE | C15: Cortou parte da grade.
B16: CORTADO | C16: Quantidade cortada bateu com a planejada.
B17: EXCEDENTE | C17: Cortou mais do que o planejado — conferir sobra de malha.
B18: SEM PLANO | C18: Grade existe na tabela mas está zerada nesta rodada.
B19: Regras de gola (automáticas)
B20: Axozee Slim → corta gola | C20: Gola da própria malha, risco já incluso na modelagem.
B21: Axozee Over → não corta gola | C21: Ribana canelada aplicada na costura.
B22: Para a próxima rodada
B23: Reaproveitando a planilha | C23: Zere a coluna 'Qtd cortada', ajuste as quantidades planejadas e os quilos na aba MALHAS. A grade de 16 linhas já cobre as duas malhas × duas modelagens × quatro tamanhos.
B24: Incluindo uma malha nova | C24: Acrescente a linha na aba MALHAS com um código novo (M3) e use esse código na coluna 'Malha' do plano. Amplie as fórmulas de busca até a nova linha.
B26: Dados desta versão vieram de você em 13/10/2026: Algodão Pima Preta 12 kg a 5 pç/kg; Peruana Off White 18 kg a 4,5 pç/kg; grades Slim e Over conforme informado. Capacidade da Peruana é 81 peças e o plano usa 80 — sobra 1 peça (0,22 kg).
